article,views,rank,project,date
Main_Page,6123381,1,en.wikipedia,2025-11-24
Dharmendra,1222914,2,en.wikipedia,2025-11-24
Special:Search,912375,3,en.wikipedia,2025-11-24
Google_Chrome,329336,4,en.wikipedia,2025-11-24
Udo_Kier,297979,5,en.wikipedia,2025-11-24
Wikipedia:Featured_pictures,257541,6,en.wikipedia,2025-11-24
Golden_Party_Badge,237929,7,en.wikipedia,2025-11-24
Jimmy_Cliff,210804,8,en.wikipedia,2025-11-24
Wicked:_For_Good,207499,9,en.wikipedia,2025-11-24
Lucy_Lambert_Hale,192307,10,en.wikipedia,2025-11-24
Hema_Malini,175288,11,en.wikipedia,2025-11-24
Slender_Man_stabbing,162310,12,en.wikipedia,2025-11-24
Deaths_in_2025,148688,13,en.wikipedia,2025-11-24
Bruce_Lee,125401,14,en.wikipedia,2025-11-24
It_–_Welcome_to_Derry,122762,15,en.wikipedia,2025-11-24
ChatGPT,116229,16,en.wikipedia,2025-11-24
Tatiana_Schlossberg,113427,17,en.wikipedia,2025-11-24
.xxx,104200,18,en.wikipedia,2025-11-24
Pluribus_(TV_series),99380,19,en.wikipedia,2025-11-24
1989_Tiananmen_Square_protests_and_massacre,96882,20,en.wikipedia,2025-11-24
Wikipedia:Asian_Month/2025,95070,21,en.wikipedia,2025-11-24
Wicked_(2024_film),92954,22,en.wikipedia,2025-11-24
Ariana_Grande,91701,23,en.wikipedia,2025-11-24
The_Family_Man_(Indian_TV_series),89192,24,en.wikipedia,2025-11-24
Cynthia_Erivo,87830,25,en.wikipedia,2025-11-24
XXX_(film_series),87501,26,en.wikipedia,2025-11-24
Caroline_Kennedy,82367,27,en.wikipedia,2025-11-24
Eberechi_Eze,82081,28,en.wikipedia,2025-11-24
Sunny_Deol,81943,29,en.wikipedia,2025-11-24
Esha_Deol,80437,30,en.wikipedia,2025-11-24
The_Beast_in_Me_(TV_series),71830,31,en.wikipedia,2025-11-24
Chip_Kelly,68091,32,en.wikipedia,2025-11-24
6-7_(meme),67239,33,en.wikipedia,2025-11-24
James_A._Garfield,65228,34,en.wikipedia,2025-11-24
Matthew_Stafford,65087,35,en.wikipedia,2025-11-24
Stranger_Things,64547,36,en.wikipedia,2025-11-24
Mark_Kelly,63374,37,en.wikipedia,2025-11-24
Dharmendra_filmography,62910,38,en.wikipedia,2025-11-24
Wicked_(musical),60175,39,en.wikipedia,2025-11-24
Baker_Mayfield,59412,40,en.wikipedia,2025-11-24
YouTube,59152,41,en.wikipedia,2025-11-24
Tom_Read_Wilson,57900,42,en.wikipedia,2025-11-24
Zohran_Mamdani,57655,43,en.wikipedia,2025-11-24
Train_Dreams_(film),57600,44,en.wikipedia,2025-11-24
Jeffrey_Epstein_client_list,57564,45,en.wikipedia,2025-11-24
Claire_Danes,56920,46,en.wikipedia,2025-11-24
Portal:Current_events,55891,47,en.wikipedia,2025-11-24
1xBet,55283,48,en.wikipedia,2025-11-24
Marjorie_Taylor_Greene,55092,49,en.wikipedia,2025-11-24
Stranger_Things_season_5,55069,50,en.wikipedia,2025-11-24
Bobby_Deol,54529,51,en.wikipedia,2025-11-24
Jeffrey_Epstein,54469,52,en.wikipedia,2025-11-24
Miss_Universe_2025,53867,53,en.wikipedia,2025-11-24
Lindsey_Halligan,53533,54,en.wikipedia,2025-11-24
Teddy_Bridgewater,53473,55,en.wikipedia,2025-11-24
Rose_Schlossberg,52696,56,en.wikipedia,2025-11-24
Surya_Kant_(judge),51881,57,en.wikipedia,2025-11-24
List_of_Hindi_film_families,51760,58,en.wikipedia,2025-11-24
Eko_(film),49833,59,en.wikipedia,2025-11-24
2026_FIFA_World_Cup,49148,60,en.wikipedia,2025-11-24
Jonathan_Bailey,49054,61,en.wikipedia,2025-11-24
Frankenstein_(2025_film),48220,62,en.wikipedia,2025-11-24
Amitabh_Bachchan,46602,63,en.wikipedia,2025-11-24
Chagatai_Khan,46045,64,en.wikipedia,2025-11-24
Cameron_McGowan_Currie,45542,65,en.wikipedia,2025-11-24
Nazanin_Zaghari-Ratcliffe,45439,66,en.wikipedia,2025-11-24
Jack_Schlossberg,45391,67,en.wikipedia,2025-11-24
Cristiano_Ronaldo,44900,68,en.wikipedia,2025-11-24
XXXX_(beer),44658,69,en.wikipedia,2025-11-24
Millie_Bobby_Brown,44476,70,en.wikipedia,2025-11-24
Donald_Glover,44003,71,en.wikipedia,2025-11-24
Donald_Trump,43952,72,en.wikipedia,2025-11-24
Edwin_Schlossberg,43575,73,en.wikipedia,2025-11-24
Instagram,43372,74,en.wikipedia,2025-11-24
Matthew_Rhys,43141,75,en.wikipedia,2025-11-24
One_Battle_After_Another,42865,76,en.wikipedia,2025-11-24
Wicked_(Maguire_novel),42696,77,en.wikipedia,2025-11-24
Minka_Kelly,42463,78,en.wikipedia,2025-11-24
Ed_Gein,42194,79,en.wikipedia,2025-11-24
Billy_Bob_Thornton,42191,80,en.wikipedia,2025-11-24
Cris_Collinsworth,41639,81,en.wikipedia,2025-11-24
Ethan_Slater,41499,82,en.wikipedia,2025-11-24
Skye_Gyngell,41342,83,en.wikipedia,2025-11-24
Michael_Caine,41189,84,en.wikipedia,2025-11-24
2025_Formula_One_World_Championship,41111,85,en.wikipedia,2025-11-24
Slender_Man,40942,86,en.wikipedia,2025-11-24
Zootopia_2,39925,87,en.wikipedia,2025-11-24
The_Wizard_of_Oz,39538,88,en.wikipedia,2025-11-24
Glenda_Jackson,39240,89,en.wikipedia,2025-11-24
Madeira,39072,90,en.wikipedia,2025-11-24
Davante_Adams,38806,91,en.wikipedia,2025-11-24
Bigg_Boss_(Tamil_TV_series)_season_9,38376,92,en.wikipedia,2025-11-24
Puka_Nacua,38238,93,en.wikipedia,2025-11-24
Absentia_(TV_series),37835,94,en.wikipedia,2025-11-24
Palash_Muchhal,37779,95,en.wikipedia,2025-11-24
Thanksgiving,37184,96,en.wikipedia,2025-11-24
The_Chair_Company,37158,97,en.wikipedia,2025-11-24
H._Rap_Brown,36773,98,en.wikipedia,2025-11-24
Landman_(TV_series),36573,99,en.wikipedia,2025-11-24
Lionel_Messi,36392,100,en.wikipedia,2025-11-24
Cleopatra,36214,101,en.wikipedia,2025-11-24
Bigg_Boss_(Hindi_TV_series)_season_19,36159,102,en.wikipedia,2025-11-24
Vogue_Williams,36130,103,en.wikipedia,2025-11-24
Aitch_(rapper),35874,104,en.wikipedia,2025-11-24
Angryginge,35716,105,en.wikipedia,2025-11-24
All_Her_Fault,35641,106,en.wikipedia,2025-11-24
Mary_Steenburgen,35499,107,en.wikipedia,2025-11-24
Wikipedia:Wiki_Science_Competition_2025_in_the_United_States,35077,108,en.wikipedia,2025-11-24
Senuran_Muthusamy,34667,109,en.wikipedia,2025-11-24
Charlie_Kirk,34656,110,en.wikipedia,2025-11-24
Calvin_Klein,34400,111,en.wikipedia,2025-11-24
Sam_Elliott,34391,112,en.wikipedia,2025-11-24
Mia_Goth,34316,113,en.wikipedia,2025-11-24
Rodney_Rogers,34111,114,en.wikipedia,2025-11-24
2026_PDC_World_Darts_Championship,33930,115,en.wikipedia,2025-11-24
United_States,33781,116,en.wikipedia,2025-11-24
Chester_A._Arthur,33611,117,en.wikipedia,2025-11-24
"Neatsville,_Kentucky",33591,118,en.wikipedia,2025-11-24
Predator:_Badlands,33170,119,en.wikipedia,2025-11-24
John_F._Kennedy,33163,120,en.wikipedia,2025-11-24
After_the_Hunt,32940,121,en.wikipedia,2025-11-24
2025_MLS_Cup_playoffs,32889,122,en.wikipedia,2025-11-24
Genghis_Khan,32867,123,en.wikipedia,2025-11-24
Company,32785,124,en.wikipedia,2025-11-24
Madvi_Hidma,32733,125,en.wikipedia,2025-11-24
Abhay_Deol,32720,126,en.wikipedia,2025-11-24
Judy_Garland,32625,127,en.wikipedia,2025-11-24
Survivor_Series:_WarGames_(2025),32341,128,en.wikipedia,2025-11-24
George_Pickens,32162,129,en.wikipedia,2025-11-24
A_Man_on_the_Inside,31808,130,en.wikipedia,2025-11-24
Ansel_Adams,31806,131,en.wikipedia,2025-11-24
Vince_Offer,31501,132,en.wikipedia,2025-11-24
The_Running_Man_(2025_film),30840,133,en.wikipedia,2025-11-24
Hayli_Gubbi,30665,134,en.wikipedia,2025-11-24
Ted_Danson,30518,135,en.wikipedia,2025-11-24
Smriti_Mandhana,30341,136,en.wikipedia,2025-11-24
Glinda,30337,137,en.wikipedia,2025-11-24
Wordle,30251,138,en.wikipedia,2025-11-24
The_Great_Escaper,30192,139,en.wikipedia,2025-11-24
Wikipedia,29984,140,en.wikipedia,2025-11-24
Kiernan_Dewsbury-Hall,29528,141,en.wikipedia,2025-11-24
Freddie_Mercury,29382,142,en.wikipedia,2025-11-24
Pauline_Hanson,29331,143,en.wikipedia,2025-11-24
Kelly_Brook,29144,144,en.wikipedia,2025-11-24
Now_You_See_Me:_Now_You_Don't,28991,145,en.wikipedia,2025-11-24
Idrissa_Gueye,28718,146,en.wikipedia,2025-11-24
Ruby_Wax,28642,147,en.wikipedia,2025-11-24
Olympic_Park_McDonald's,28530,148,en.wikipedia,2025-11-24
120_Bahadur,27931,149,en.wikipedia,2025-11-24
Lena_Waithe,27895,150,en.wikipedia,2025-11-24
Aaron_Donald,27552,151,en.wikipedia,2025-11-24
The_Age_of_Disclosure,27510,152,en.wikipedia,2025-11-24
Google,27434,153,en.wikipedia,2025-11-24
Charles_J._Guiteau,27427,154,en.wikipedia,2025-11-24
Fátima_Bosch,27272,155,en.wikipedia,2025-11-24
Sex,26959,156,en.wikipedia,2025-11-24
QR_code,26953,157,en.wikipedia,2025-11-24
Arman_Tsarukyan,26948,158,en.wikipedia,2025-11-24
List_of_presidents_of_the_United_States,26737,159,en.wikipedia,2025-11-24
Prakash_Kaur,26636,160,en.wikipedia,2025-11-24
Frankenstein,26633,161,en.wikipedia,2025-11-24
Dispatch_(video_game),26376,162,en.wikipedia,2025-11-24
Jacob_Elordi,26252,163,en.wikipedia,2025-11-24
Ashlesha_Sawant,26209,164,en.wikipedia,2025-11-24
Last_Samurai_Standing_(TV_series),26182,165,en.wikipedia,2025-11-24
Jacqueline_Kennedy_Onassis,26181,166,en.wikipedia,2025-11-24
Ian_Machado_Garry,26108,167,en.wikipedia,2025-11-24
June_Flewett,25933,168,en.wikipedia,2025-11-24
Emma_Finucane,25903,169,en.wikipedia,2025-11-24
List_of_Stranger_Things_episodes,25686,170,en.wikipedia,2025-11-24
Erika_Kirk,25484,171,en.wikipedia,2025-11-24
Guru_Tegh_Bahadur,25355,172,en.wikipedia,2025-11-24
Tulsa_King,25286,173,en.wikipedia,2025-11-24
Brittany_Snow,25157,174,en.wikipedia,2025-11-24
Stranger_Things_season_4,24670,175,en.wikipedia,2025-11-24
Michael_Jackson,24655,176,en.wikipedia,2025-11-24
Lane_Kiffin,24648,177,en.wikipedia,2025-11-24
Lev_Parnas,24578,178,en.wikipedia,2025-11-24
Ali_Larter,24552,179,en.wikipedia,2025-11-24
Selena,24469,180,en.wikipedia,2025-11-24
Dhurandhar,24394,181,en.wikipedia,2025-11-24
Sean_McVay,24343,182,en.wikipedia,2025-11-24
D._B._Cooper,24282,183,en.wikipedia,2025-11-24
Shedeur_Sanders,24187,184,en.wikipedia,2025-11-24
Sholay,24153,185,en.wikipedia,2025-11-24
KPop_Demon_Hunters,24121,186,en.wikipedia,2025-11-24
2026_Men's_T20_World_Cup,24024,187,en.wikipedia,2025-11-24
World_War_II,24002,188,en.wikipedia,2025-11-24
Bison_Kaalamaadan,23889,189,en.wikipedia,2025-11-24
2026_FIFA_World_Cup_qualification,23577,190,en.wikipedia,2025-11-24
Eddie_Murphy,23559,191,en.wikipedia,2025-11-24
File:WhatsApp.svg,23554,192,en.wikipedia,2025-11-24
De_De_Pyaar_De_2,23354,193,en.wikipedia,2025-11-24
Chris_Shula,23193,194,en.wikipedia,2025-11-24
XXXTentacion,23111,195,en.wikipedia,2025-11-24
Jameis_Winston,23088,196,en.wikipedia,2025-11-24
Mastiii_4,23067,197,en.wikipedia,2025-11-24
Kevin_Spacey,23047,198,en.wikipedia,2025-11-24
The_Wonderful_Wizard_of_Oz,23012,199,en.wikipedia,2025-11-24
Adolf_Hitler,22999,200,en.wikipedia,2025-11-24
Nuremberg_(2025_film),22697,201,en.wikipedia,2025-11-24
Nick_Fuentes,22617,202,en.wikipedia,2025-11-24
"Michael_Keane_(footballer,_born_1993)",22545,203,en.wikipedia,2025-11-24
November_24,22469,204,en.wikipedia,2025-11-24
Department_of_Government_Efficiency,22350,205,en.wikipedia,2025-11-24
Thanksgiving_(United_States),22312,206,en.wikipedia,2025-11-24
Mantena_Rama_Raju,22220,207,en.wikipedia,2025-11-24
2025_FIFA_U-17_World_Cup,22205,208,en.wikipedia,2025-11-24
The_Mighty_Nein,22086,209,en.wikipedia,2025-11-24
Gwalior_Fort,21931,210,en.wikipedia,2025-11-24
Elon_Musk,21902,211,en.wikipedia,2025-11-24
HAL_Tejas,21879,212,en.wikipedia,2025-11-24
Max_Verstappen,21875,213,en.wikipedia,2025-11-24
Myles_Garrett,21773,214,en.wikipedia,2025-11-24
Kash_Patel,21710,215,en.wikipedia,2025-11-24
Andrew_Lyne,21619,216,en.wikipedia,2025-11-24
Brendan_Fraser,21557,217,en.wikipedia,2025-11-24
Virginia_Giuffre,21427,218,en.wikipedia,2025-11-24
Ghislaine_Maxwell,21357,219,en.wikipedia,2025-11-24
Raj_Kapoor,21261,220,en.wikipedia,2025-11-24
Physical:_Asia,21237,221,en.wikipedia,2025-11-24
Jeff_Goldblum,21196,222,en.wikipedia,2025-11-24
Dude_(2025_film),21147,223,en.wikipedia,2025-11-24
Robert_F._Kennedy_Jr.,21031,224,en.wikipedia,2025-11-24
Olivia_Dean,20884,225,en.wikipedia,2025-11-24
Joel_Edgerton,20802,226,en.wikipedia,2025-11-24
John_F._Kennedy_Jr.,20791,227,en.wikipedia,2025-11-24
List_of_countries_by_GDP_(nominal),20536,228,en.wikipedia,2025-11-24
Keri_Russell,20430,229,en.wikipedia,2025-11-24
Michelle_Randolph,20422,230,en.wikipedia,2025-11-24
Hugh_Dancy,20378,231,en.wikipedia,2025-11-24
Sisu:_Road_to_Revenge,20339,232,en.wikipedia,2025-11-24
Help:IPA/English,20314,233,en.wikipedia,2025-11-24
Harrison_Mevis,20288,234,en.wikipedia,2025-11-24
Chief_Justice_of_India,20247,235,en.wikipedia,2025-11-24
Shona_McGarty,20216,236,en.wikipedia,2025-11-24
Demi_Moore,20169,237,en.wikipedia,2025-11-24
Gabby_Giffords,20158,238,en.wikipedia,2025-11-24
Tulsa_race_massacre,20142,239,en.wikipedia,2025-11-24
Homebound_(2025_film),20110,240,en.wikipedia,2025-11-24
2026_AFC_U-17_Asian_Cup_qualification,20101,241,en.wikipedia,2025-11-24
Ikkis,20013,242,en.wikipedia,2025-11-24
Project_Hail_Mary,19946,243,en.wikipedia,2025-11-24
Macaulay_Culkin,19944,244,en.wikipedia,2025-11-24
Spencer_Matthews,19926,245,en.wikipedia,2025-11-24
Assassination_of_Charlie_Kirk,19836,246,en.wikipedia,2025-11-24
Sandeep_Baswana,19753,247,en.wikipedia,2025-11-24
Clinker_brick,19734,248,en.wikipedia,2025-11-24
India,19665,249,en.wikipedia,2025-11-24
The_American_Revolution_(TV_series),19663,250,en.wikipedia,2025-11-24
I'm_a_Celebrity...Get_Me_Out_of_Here!_(British_TV_series)_series_25,19657,251,en.wikipedia,2025-11-24
XHamster,19531,252,en.wikipedia,2025-11-24
Rhea_Seehorn,19414,253,en.wikipedia,2025-11-24
Marissa_Bode,19321,254,en.wikipedia,2025-11-24
Ed_and_Lorraine_Warren,19317,255,en.wikipedia,2025-11-24
Black_Friday_(shopping),19272,256,en.wikipedia,2025-11-24
Dancing_with_the_Stars_(American_TV_series)_season_34,19209,257,en.wikipedia,2025-11-24
Stana_Katic,19203,258,en.wikipedia,2025-11-24
Nabiyah_Be_(actress),19176,259,en.wikipedia,2025-11-24
I_Can_See_Clearly_Now,19064,260,en.wikipedia,2025-11-24
Hunter_syndrome,18920,261,en.wikipedia,2025-11-24
Opinion_polling_for_the_next_United_Kingdom_general_election,18888,262,en.wikipedia,2025-11-24
Elizabeth_II,18808,263,en.wikipedia,2025-11-24
Weapons_(2025_film),18807,264,en.wikipedia,2025-11-24
Chris_Hemsworth,18677,265,en.wikipedia,2025-11-24
Deion_Sanders,18623,266,en.wikipedia,2025-11-24
G20,18607,267,en.wikipedia,2025-11-24
The_Conjuring:_Last_Rites,18542,268,en.wikipedia,2025-11-24
Sheikh_Hasina,18541,269,en.wikipedia,2025-11-24
Death_by_Lightning,18519,270,en.wikipedia,2025-11-24
Sydney_Sweeney,18406,271,en.wikipedia,2025-11-24
Islam_Makhachev,18315,272,en.wikipedia,2025-11-24
Homeland_(TV_series),18156,273,en.wikipedia,2025-11-24
Ryan_Wedding,18138,274,en.wikipedia,2025-11-24
Facebook,18124,275,en.wikipedia,2025-11-24
Aonishiki_Arata,18103,276,en.wikipedia,2025-11-24
United_Kingdom,18050,277,en.wikipedia,2025-11-24
Hamnet_(film),18030,278,en.wikipedia,2025-11-24
Wake_Up_Dead_Man,17918,279,en.wikipedia,2025-11-24
Karoline_Leavitt,17907,280,en.wikipedia,2025-11-24
Zootopia,17833,281,en.wikipedia,2025-11-24
Marcus_Semien,17753,282,en.wikipedia,2025-11-24
Avatar:_Fire_and_Ash,17751,283,en.wikipedia,2025-11-24
Limonene,17689,284,en.wikipedia,2025-11-24
Henry_Darger,17679,285,en.wikipedia,2025-11-24
Barack_Obama,17640,286,en.wikipedia,2025-11-24
Band_of_Holes,17582,287,en.wikipedia,2025-11-24
These_aren't_the_droids_you're_looking_for,17567,288,en.wikipedia,2025-11-24
2025_G20_Johannesburg_summit,17549,289,en.wikipedia,2025-11-24
Winona_Ryder,17509,290,en.wikipedia,2025-11-24
Sabrina_Carpenter,17503,291,en.wikipedia,2025-11-24
WhatsApp,17502,292,en.wikipedia,2025-11-24
Nimrat_Kaur,17475,293,en.wikipedia,2025-11-24
Hermann_Göring,17472,294,en.wikipedia,2025-11-24
List_of_James_Bond_films,17448,295,en.wikipedia,2025-11-24
List_of_Super_Bowl_champions,17246,296,en.wikipedia,2025-11-24
Vanes_Martirosyan,17242,297,en.wikipedia,2025-11-24
Dak_Prescott,17205,298,en.wikipedia,2025-11-24
Jeffrey_Manchester,17161,299,en.wikipedia,2025-11-24
Slow_Horses,16976,300,en.wikipedia,2025-11-24
Avengers:_Doomsday,16955,301,en.wikipedia,2025-11-24
Madhoo,16926,302,en.wikipedia,2025-11-24
NBC_Sports,16899,303,en.wikipedia,2025-11-24
J._J._McCarthy,16857,304,en.wikipedia,2025-11-24
Paul_Thomas_Anderson,16846,305,en.wikipedia,2025-11-24
Hazbin_Hotel,16842,306,en.wikipedia,2025-11-24
The_Odyssey_(2026_film),16832,307,en.wikipedia,2025-11-24
Nathan_Bryon,16823,308,en.wikipedia,2025-11-24
Jaxon_Smith-Njigba,16812,309,en.wikipedia,2025-11-24
Aftyn_Behn,16788,310,en.wikipedia,2025-11-24
Gable_Steveson,16785,311,en.wikipedia,2025-11-24
Clair_Obscur:_Expedition_33,16746,312,en.wikipedia,2025-11-24
Rental_Family,16736,313,en.wikipedia,2025-11-24
Keira_Knightley,16707,314,en.wikipedia,2025-11-24
Wilfried_Nancy,16637,315,en.wikipedia,2025-11-24
Eurovision_Song_Contest_2026,16578,316,en.wikipedia,2025-11-24
List_of_S&P_500_companies,16576,317,en.wikipedia,2025-11-24
Paige_Greco,16573,318,en.wikipedia,2025-11-24
Mr._Mercedes_(TV_series),16502,319,en.wikipedia,2025-11-24
2015_Russian_Sukhoi_Su-24_shootdown,16470,320,en.wikipedia,2025-11-24
D4vd,16392,321,en.wikipedia,2025-11-24
Mani_(musician),16338,322,en.wikipedia,2025-11-24
Full_Gear_(2025),16289,323,en.wikipedia,2025-11-24
Natalia_Dyer,16248,324,en.wikipedia,2025-11-24
Bugonia_(film),16243,325,en.wikipedia,2025-11-24
Justin_Wilcox_(American_football),16233,326,en.wikipedia,2025-11-24
Brandon_Nimmo,16191,327,en.wikipedia,2025-11-24
Arsenal_F.C.,16122,328,en.wikipedia,2025-11-24
Charlie_Heaton,16106,329,en.wikipedia,2025-11-24
Dean_John-Wilson,16100,330,en.wikipedia,2025-11-24
JD_Vance,16093,331,en.wikipedia,2025-11-24
Zodiac_Killer,16061,332,en.wikipedia,2025-11-24
Joe_Keery,16037,333,en.wikipedia,2025-11-24
Smiling_Friends,16037,333,en.wikipedia,2025-11-24
Eternity_(2025_film),15968,335,en.wikipedia,2025-11-24
The_Holocaust,15964,336,en.wikipedia,2025-11-24
Wikipedia:Contact_us,15928,337,en.wikipedia,2025-11-24
The_Hunger_Games:_Sunrise_on_the_Reaping,15915,338,en.wikipedia,2025-11-24
Sisu_(film),15906,339,en.wikipedia,2025-11-24
Billy_Crudup,15874,340,en.wikipedia,2025-11-24
September_11_attacks,15829,341,en.wikipedia,2025-11-24
Mongol_Empire,15819,342,en.wikipedia,2025-11-24
Michelle_Yeoh,15793,343,en.wikipedia,2025-11-24
Oldboy_(2003_film),15786,344,en.wikipedia,2025-11-24
Charles_III,15780,345,en.wikipedia,2025-11-24
Jon_M._Chu,15725,346,en.wikipedia,2025-11-24
Joe_Biden,15694,347,en.wikipedia,2025-11-24
Bill_Clinton,15659,348,en.wikipedia,2025-11-24
2024_United_States_presidential_election,15656,349,en.wikipedia,2025-11-24
Spencer_Lofranco,15598,350,en.wikipedia,2025-11-24
John_Candy,15566,351,en.wikipedia,2025-11-24
Malcolm_Fairley,15557,352,en.wikipedia,2025-11-24
List_of_Hindi_films_of_2025,15527,353,en.wikipedia,2025-11-24
Now_You_See_Me_(film),15525,354,en.wikipedia,2025-11-24
Dakota_Fanning,15516,355,en.wikipedia,2025-11-24
Clint_Eastwood,15511,356,en.wikipedia,2025-11-24
Candace_Owens,15507,357,en.wikipedia,2025-11-24
The_Witcher_(TV_series),15496,358,en.wikipedia,2025-11-24
Theodore_Roosevelt,15465,359,en.wikipedia,2025-11-24
LeBron_James,15457,360,en.wikipedia,2025-11-24
Queen_Victoria,15442,361,en.wikipedia,2025-11-24
New_York_City,15395,362,en.wikipedia,2025-11-24
Handkerchief_code,15371,363,en.wikipedia,2025-11-24
Palak_Muchhal,15356,364,en.wikipedia,2025-11-24
Bill_Skarsgård,15300,365,en.wikipedia,2025-11-24
Sanjeev_Kumar,15296,366,en.wikipedia,2025-11-24
Graham_Carr,15257,367,en.wikipedia,2025-11-24
Alissa_White-Gluz,15248,368,en.wikipedia,2025-11-24
Jahmyr_Gibbs,15248,368,en.wikipedia,2025-11-24
Robert_F._Kennedy,15231,370,en.wikipedia,2025-11-24
Dick_Hallorann,15216,371,en.wikipedia,2025-11-24
Hacker,15214,372,en.wikipedia,2025-11-24
Olivia_Nuzzi,15211,373,en.wikipedia,2025-11-24
World_War_I,15204,374,en.wikipedia,2025-11-24
Taylor_Sheridan,15159,375,en.wikipedia,2025-11-24
Art_Briles,15134,376,en.wikipedia,2025-11-24
Sylvester_Stallone,15103,377,en.wikipedia,2025-11-24
Hasbulla,15080,378,en.wikipedia,2025-11-24
China,15003,379,en.wikipedia,2025-11-24
Dilip_Kumar,14996,380,en.wikipedia,2025-11-24
Acute_myeloid_leukemia,14916,381,en.wikipedia,2025-11-24
Jaideep_Ahlawat,14900,382,en.wikipedia,2025-11-24
Scarlett_Johansson,14873,383,en.wikipedia,2025-11-24
Marco_Rubio,14851,384,en.wikipedia,2025-11-24
Taylor_Swift,14848,385,en.wikipedia,2025-11-24
Celeb_Jihad,14822,386,en.wikipedia,2025-11-24
Peter_Thiel,14813,387,en.wikipedia,2025-11-24
Wikipedia:About,14786,388,en.wikipedia,2025-11-24
Wiki,14737,389,en.wikipedia,2025-11-24
Lewis_Hamilton,14713,390,en.wikipedia,2025-11-24
Jake_Bongiovi,14711,391,en.wikipedia,2025-11-24
David_Cameron,14704,392,en.wikipedia,2025-11-24
Los_Angeles_Rams,14693,393,en.wikipedia,2025-11-24
Albert_Einstein,14688,394,en.wikipedia,2025-11-24
Noah_Schnapp,14686,395,en.wikipedia,2025-11-24
Dynatrace,14677,396,en.wikipedia,2025-11-24
3I/ATLAS,14650,397,en.wikipedia,2025-11-24
Roblox,14650,397,en.wikipedia,2025-11-24
The_King_in_Yellow,14644,399,en.wikipedia,2025-11-24
Commonwealth_Bank,14522,400,en.wikipedia,2025-11-24
It_(2017_film),14522,400,en.wikipedia,2025-11-24
Eddington_(film),14521,402,en.wikipedia,2025-11-24
Fred_Rogers,14406,403,en.wikipedia,2025-11-24
"The_Hyderabad_Public_School,_Begumpet",14331,404,en.wikipedia,2025-11-24
Liza_Minnelli,14324,405,en.wikipedia,2025-11-24
Elvis_Presley,14321,406,en.wikipedia,2025-11-24
Glen_Powell,14305,407,en.wikipedia,2025-11-24
Champagne_Problems_(film),14302,408,en.wikipedia,2025-11-24
Russo-Ukrainian_war_(2022–present),14297,409,en.wikipedia,2025-11-24
David_Harbour,14277,410,en.wikipedia,2025-11-24
Timothée_Chalamet,14271,411,en.wikipedia,2025-11-24
Dil_Bhi_Tera_Hum_Bhi_Tere,14219,412,en.wikipedia,2025-11-24
The_Fantastic_Four:_First_Steps,14193,413,en.wikipedia,2025-11-24
Pornhub,14187,414,en.wikipedia,2025-11-24
Edmund_Kemper,14149,415,en.wikipedia,2025-11-24
2025_in_film,14145,416,en.wikipedia,2025-11-24
Maya_Hawke,14119,417,en.wikipedia,2025-11-24
Dear_X_(TV_series),14071,418,en.wikipedia,2025-11-24
2025_Chicago_train_attack,14048,419,en.wikipedia,2025-11-24
Abraham_Lincoln,14046,420,en.wikipedia,2025-11-24
Elle_Fanning,14039,421,en.wikipedia,2025-11-24
Twitter,14026,422,en.wikipedia,2025-11-24
Playdate_(film),14019,423,en.wikipedia,2025-11-24
Special:RecentChanges,14006,424,en.wikipedia,2025-11-24
Football_in_England,13989,425,en.wikipedia,2025-11-24
List_of_footballers_with_500_or_more_goals,13985,426,en.wikipedia,2025-11-24
Taiwan,13974,427,en.wikipedia,2025-11-24
The_Shadow's_Edge,13952,428,en.wikipedia,2025-11-24
Roberto_Martínez,13940,429,en.wikipedia,2025-11-24
Nicolás_Maduro,13906,430,en.wikipedia,2025-11-24
Michigan–Ohio_State_football_rivalry,13876,431,en.wikipedia,2025-11-24
Major_League_Soccer,13860,432,en.wikipedia,2025-11-24
Franklin_D._Roosevelt,13842,433,en.wikipedia,2025-11-24
Lily_Collins,13801,434,en.wikipedia,2025-11-24
Séamus_Coleman,13799,435,en.wikipedia,2025-11-24
George_Washington,13793,436,en.wikipedia,2025-11-24
No_Other_Choice,13784,437,en.wikipedia,2025-11-24
James_Comey,13768,438,en.wikipedia,2025-11-24
Kantara:_Chapter_1,13765,439,en.wikipedia,2025-11-24
Guillermo_del_Toro,13739,440,en.wikipedia,2025-11-24
Bruce_Willis,13702,441,en.wikipedia,2025-11-24
Gonâve_Island,13699,442,en.wikipedia,2025-11-24
Rama_Duwaji,13686,443,en.wikipedia,2025-11-24
Samir_Shah,13684,444,en.wikipedia,2025-11-24
Anthony_Joshua,13658,445,en.wikipedia,2025-11-24
The_Secret_Agent_(2025_film),13608,446,en.wikipedia,2025-11-24
Japan,13599,447,en.wikipedia,2025-11-24
Ed_Sheeran,13596,448,en.wikipedia,2025-11-24
UFC_rankings,13549,449,en.wikipedia,2025-11-24
Jamie_Campbell_Bower,13540,450,en.wikipedia,2025-11-24
Marshawn_Kneeland,13495,451,en.wikipedia,2025-11-24
List_of_Marvel_Cinematic_Universe_films,13473,452,en.wikipedia,2025-11-24
Jurassic_World_Rebirth,13462,453,en.wikipedia,2025-11-24
Russia,13454,454,en.wikipedia,2025-11-24
Arnold_Schwarzenegger,13447,455,en.wikipedia,2025-11-24
Tom_Brady,13431,456,en.wikipedia,2025-11-24
Robin_Williams,13424,457,en.wikipedia,2025-11-24
Kapoor_family,13424,457,en.wikipedia,2025-11-24
Richard_Nixon,13417,459,en.wikipedia,2025-11-24
Chess_World_Cup_2025,13413,460,en.wikipedia,2025-11-24
Russo-Ukrainian_war,13386,461,en.wikipedia,2025-11-24
George_W._Bush,13346,462,en.wikipedia,2025-11-24
Sunrise_on_the_Reaping,13318,463,en.wikipedia,2025-11-24
Singapore,13298,464,en.wikipedia,2025-11-24
Drake_Maye,13289,465,en.wikipedia,2025-11-24
Wicked_Witch_of_the_West,13254,466,en.wikipedia,2025-11-24
Pennywise,13224,467,en.wikipedia,2025-11-24
Pope_Leo_XIV,13213,468,en.wikipedia,2025-11-24
Mia_Khalifa,13204,469,en.wikipedia,2025-11-24
List_of_highest-grossing_films,13171,470,en.wikipedia,2025-11-24
Keanu_Reeves,13164,471,en.wikipedia,2025-11-24
Martin_Kemp,13119,472,en.wikipedia,2025-11-24
Sadie_Sink,13110,473,en.wikipedia,2025-11-24
Haytham_Ali_Tabatabai,13104,474,en.wikipedia,2025-11-24
Danny_Mac,13102,475,en.wikipedia,2025-11-24
Leonardo_DiCaprio,13094,476,en.wikipedia,2025-11-24
Paul_Pogba,13054,477,en.wikipedia,2025-11-24
Tom_Cruise,13033,478,en.wikipedia,2025-11-24
Alan_Carr,13016,479,en.wikipedia,2025-11-24
Arch_Enemy,13011,480,en.wikipedia,2025-11-24
Assist_(association_football),13000,481,en.wikipedia,2025-11-24
Chernobyl_disaster,12925,482,en.wikipedia,2025-11-24
Manchester_United_F.C.,12919,483,en.wikipedia,2025-11-24
Werwulf,12911,484,en.wikipedia,2025-11-24
List_of_United_States_cities_by_population,12872,485,en.wikipedia,2025-11-24
Son_of_a_Witch,12844,486,en.wikipedia,2025-11-24
Jeffrey_Dahmer,12811,487,en.wikipedia,2025-11-24
Alan_Ritchson,12725,488,en.wikipedia,2025-11-24
Dan_Reynolds,12719,489,en.wikipedia,2025-11-24
Hardeep_Singh_Kohli,12713,490,en.wikipedia,2025-11-24
John_Wayne_Gacy,12709,491,en.wikipedia,2025-11-24
Stephen_Wilson_Jr.,12683,492,en.wikipedia,2025-11-24
Premier_League,12657,493,en.wikipedia,2025-11-24
Michael_Jordan,12655,494,en.wikipedia,2025-11-24
Tara_Reid,12645,495,en.wikipedia,2025-11-24
List_of_states_and_territories_of_the_United_States,12643,496,en.wikipedia,2025-11-24
Where_Winds_Meet,12624,497,en.wikipedia,2025-11-24
Mary_Shelley,12623,498,en.wikipedia,2025-11-24
Nasrali,12615,499,en.wikipedia,2025-11-24
Karolina_Wydra,12599,500,en.wikipedia,2025-11-24
London,12570,501,en.wikipedia,2025-11-24
Shavkat_Rakhmonov,12541,502,en.wikipedia,2025-11-24
List_of_largest_cities,12535,503,en.wikipedia,2025-11-24
David_Moyes,12514,504,en.wikipedia,2025-11-24
Rosalía,12507,505,en.wikipedia,2025-11-24
69_(sex_position),12492,506,en.wikipedia,2025-11-24
Martha_Stewart,12477,507,en.wikipedia,2025-11-24
Angelina_Jolie,12456,508,en.wikipedia,2025-11-24
TikTok,12453,509,en.wikipedia,2025-11-24
I'm_a_Celebrity...Get_Me_Out_of_Here!_(British_TV_series),12453,509,en.wikipedia,2025-11-24
Ilia_Topuria,12432,511,en.wikipedia,2025-11-24
Kaantha,12389,512,en.wikipedia,2025-11-24
Shia_LaBeouf,12372,513,en.wikipedia,2025-11-24
Joseph_Stalin,12370,514,en.wikipedia,2025-11-24
Gaten_Matarazzo,12366,515,en.wikipedia,2025-11-24
Elphaba,12341,516,en.wikipedia,2025-11-24
William_Shakespeare,12333,517,en.wikipedia,2025-11-24
Ted_Bundy,12328,518,en.wikipedia,2025-11-24
Wuthering_Heights,12317,519,en.wikipedia,2025-11-24
Inter_Miami_CF,12316,520,en.wikipedia,2025-11-24
Oscar_Isaac,12309,521,en.wikipedia,2025-11-24
Mechanical_television,12296,522,en.wikipedia,2025-11-24
Dick_Van_Dyke,12291,523,en.wikipedia,2025-11-24
George_H._W._Bush,12290,524,en.wikipedia,2025-11-24
Henry_VIII,12267,525,en.wikipedia,2025-11-24
Australia,12253,526,en.wikipedia,2025-11-24
2025_NFL_season,12248,527,en.wikipedia,2025-11-24
Skid_block,12239,528,en.wikipedia,2025-11-24
Natalie_Morales_(actress),12234,529,en.wikipedia,2025-11-24
Ozzy_Osbourne,12231,530,en.wikipedia,2025-11-24
Ian_Wright,12231,530,en.wikipedia,2025-11-24
Roofman,12228,532,en.wikipedia,2025-11-24
List_of_American_films_of_2025,12219,533,en.wikipedia,2025-11-24
Z-Library,12206,534,en.wikipedia,2025-11-24
XNXX,12199,535,en.wikipedia,2025-11-24
Hailee_Steinfeld,12196,536,en.wikipedia,2025-11-24
Sa_Re_Ga_Ma_Pa_Seniors_season_5,12175,537,en.wikipedia,2025-11-24
Raye,12174,538,en.wikipedia,2025-11-24
Heated_Rivalry,12171,539,en.wikipedia,2025-11-24
Ronald_Reagan,12156,540,en.wikipedia,2025-11-24
Canada,12148,541,en.wikipedia,2025-11-24
Kate_Hudson,12132,542,en.wikipedia,2025-11-24
Finn_Wolfhard,12106,543,en.wikipedia,2025-11-24
Delhi_Crime,12092,544,en.wikipedia,2025-11-24
Periodic_table,12091,545,en.wikipedia,2025-11-24
Vita_Vea,12088,546,en.wikipedia,2025-11-24
Murder_of_Junko_Furuta,12088,546,en.wikipedia,2025-11-24
UFC_Fight_Night:_Tsarukyan_vs._Hooker,12077,548,en.wikipedia,2025-11-24
The_Roses_(film),12072,549,en.wikipedia,2025-11-24
Kim_Hellberg,12053,550,en.wikipedia,2025-11-24
Shane_Bowen,12047,551,en.wikipedia,2025-11-24
Roscoe_Conkling,12031,552,en.wikipedia,2025-11-24
Mask_(2025_film),12006,553,en.wikipedia,2025-11-24
Aeroflot_Flight_593,11987,554,en.wikipedia,2025-11-24
Renate_Reinsve,11976,555,en.wikipedia,2025-11-24
Vladimir_Putin,11965,556,en.wikipedia,2025-11-24
List_of_countries_by_GDP_(nominal)_per_capita,11941,557,en.wikipedia,2025-11-24
Marco_Jansen,11913,558,en.wikipedia,2025-11-24
Jack_Osbourne,11881,559,en.wikipedia,2025-11-24
The_Diplomat_(American_TV_series),11879,560,en.wikipedia,2025-11-24
Morena_Baccarin,11872,561,en.wikipedia,2025-11-24
Michael_Olise,11867,562,en.wikipedia,2025-11-24
George_VI,11808,563,en.wikipedia,2025-11-24
The_Family_Plan_2,11806,564,en.wikipedia,2025-11-24
Sophia_Lillis,11796,565,en.wikipedia,2025-11-24
List_of_Formula_One_World_Drivers'_Champions,11761,566,en.wikipedia,2025-11-24
Goldie_Hawn,11752,567,en.wikipedia,2025-11-24
Down_Cemetery_Road,11732,568,en.wikipedia,2025-11-24
Napoleon,11728,569,en.wikipedia,2025-11-24
Sawyer_Sweeten,11712,570,en.wikipedia,2025-11-24
Artificial_intelligence,11699,571,en.wikipedia,2025-11-24
Frankie_Grande,11698,572,en.wikipedia,2025-11-24
XXX:_Return_of_Xander_Cage,11658,573,en.wikipedia,2025-11-24
Jay_Kelly,11648,574,en.wikipedia,2025-11-24
Izzat_(honour),11639,575,en.wikipedia,2025-11-24
Mohit_Sharma_(soldier),11635,576,en.wikipedia,2025-11-24
Bob_Marley,11623,577,en.wikipedia,2025-11-24
Everton_F.C.,11613,578,en.wikipedia,2025-11-24
Elissa_Slotkin,11582,579,en.wikipedia,2025-11-24
Jacob_Lofland,11567,580,en.wikipedia,2025-11-24
It_(novel),11526,581,en.wikipedia,2025-11-24
Matthew_McConaughey,11512,582,en.wikipedia,2025-11-24
I_Love_LA_(TV_series),11506,583,en.wikipedia,2025-11-24
The_Shawshank_Redemption,11498,584,en.wikipedia,2025-11-24
Premethylenomycin_C_lactone,11489,585,en.wikipedia,2025-11-24
Katharine_Ross,11454,586,en.wikipedia,2025-11-24
Stephen_King,11444,587,en.wikipedia,2025-11-24
2026_Winter_Olympics,11438,588,en.wikipedia,2025-11-24
Vince_Gilligan,11429,589,en.wikipedia,2025-11-24
Jennifer_Lopez,11425,590,en.wikipedia,2025-11-24
Lily_Allen,11422,591,en.wikipedia,2025-11-24
Varanasi_(2027_film),11421,592,en.wikipedia,2025-11-24
Melania_Trump,11419,593,en.wikipedia,2025-11-24
Oz_the_Great_and_Powerful,11374,594,en.wikipedia,2025-11-24
XXXX_Gold,11366,595,en.wikipedia,2025-11-24
Pat_Morita,11353,596,en.wikipedia,2025-11-24
Malice_(TV_series),11307,597,en.wikipedia,2025-11-24
Fascism,11301,598,en.wikipedia,2025-11-24
Max_Brosmer,11295,599,en.wikipedia,2025-11-24
Sexual_intercourse,11283,600,en.wikipedia,2025-11-24
Turkey,11282,601,en.wikipedia,2025-11-24
Assassination_of_John_F._Kennedy,11281,602,en.wikipedia,2025-11-24
Billie_Eilish,11275,603,en.wikipedia,2025-11-24
George_V,11264,604,en.wikipedia,2025-11-24
Mira_Nair,11257,605,en.wikipedia,2025-11-24
Lev_Tahor,11251,606,en.wikipedia,2025-11-24
A_House_of_Dynamite,11249,607,en.wikipedia,2025-11-24
Khamzat_Chimaev,11244,608,en.wikipedia,2025-11-24
Jason_Bateman,11241,609,en.wikipedia,2025-11-24
Benedict_Arnold,11235,610,en.wikipedia,2025-11-24
Diane_Keaton,11235,610,en.wikipedia,2025-11-24
The_Harder_They_Come,11222,612,en.wikipedia,2025-11-24
Karl_Bushby,11216,613,en.wikipedia,2025-11-24
Sean_Connery,11211,614,en.wikipedia,2025-11-24
Avatar_(2009_film),11206,615,en.wikipedia,2025-11-24
OD_(video_game),11192,616,en.wikipedia,2025-11-24
Dua_Lipa,11164,617,en.wikipedia,2025-11-24
List_of_countries_and_dependencies_by_population,11164,617,en.wikipedia,2025-11-24
FIFA_World_Cup,11162,619,en.wikipedia,2025-11-24
764_(organization),11160,620,en.wikipedia,2025-11-24
The_Long_Walk_(2025_film),11157,621,en.wikipedia,2025-11-24
Gaza_war,11151,622,en.wikipedia,2025-11-24
Charlie_Sheen,11146,623,en.wikipedia,2025-11-24
Germany,11140,624,en.wikipedia,2025-11-24
John_Kennedy_(Louisiana_politician),11132,625,en.wikipedia,2025-11-24
Jack_Ruby,11126,626,en.wikipedia,2025-11-24
Madeleine_Stowe,11110,627,en.wikipedia,2025-11-24
Ocean_sunfish,11110,627,en.wikipedia,2025-11-24
Jennifer_Lawrence,11096,629,en.wikipedia,2025-11-24
Priyanka_Chopra,11089,630,en.wikipedia,2025-11-24
Laura_Branigan,11065,631,en.wikipedia,2025-11-24
Pornography,11061,632,en.wikipedia,2025-11-24
Jolly_LLB_3,11039,633,en.wikipedia,2025-11-24
2025_Niger_State_school_kidnapping,11038,634,en.wikipedia,2025-11-24
Steve_Jobs,11036,635,en.wikipedia,2025-11-24
Luke_Littler,11035,636,en.wikipedia,2025-11-24
The_Morning_Show_(American_TV_series),11019,637,en.wikipedia,2025-11-24
Ethan_Hawke,11014,638,en.wikipedia,2025-11-24
Todd_Bowles,11000,639,en.wikipedia,2025-11-24
Uma_Thurman,10982,640,en.wikipedia,2025-11-24
Amanda_Bynes,10982,640,en.wikipedia,2025-11-24
Stephen_Curry,10958,642,en.wikipedia,2025-11-24
Prince_(musician),10957,643,en.wikipedia,2025-11-24
Chris_Paul,10948,644,en.wikipedia,2025-11-24
Ukraine,10944,645,en.wikipedia,2025-11-24
Ahtisa_Manalo,10934,646,en.wikipedia,2025-11-24
The_Beatles,10933,647,en.wikipedia,2025-11-24
James_Franco,10920,648,en.wikipedia,2025-11-24
Genie_(feral_child),10897,649,en.wikipedia,2025-11-24
Vietnam_War,10871,650,en.wikipedia,2025-11-24
Dick_Cheney,10860,651,en.wikipedia,2025-11-24
Ulysses_S._Grant,10846,652,en.wikipedia,2025-11-24
Brad_Pitt,10833,653,en.wikipedia,2025-11-24
Bharatiya_Janata_Party,10831,654,en.wikipedia,2025-11-24
Christina_piercing,10823,655,en.wikipedia,2025-11-24
Ralph_Fiennes,10810,656,en.wikipedia,2025-11-24
Severance_(TV_series),10803,657,en.wikipedia,2025-11-24
Khabib_Nurmagomedov,10785,658,en.wikipedia,2025-11-24
File:WNBA_logo.svg,10768,659,en.wikipedia,2025-11-24
Telegram_(software),10767,660,en.wikipedia,2025-11-24
Sanae_Takaichi,10767,660,en.wikipedia,2025-11-24
Windows_10_version_history,10765,662,en.wikipedia,2025-11-24
Börte,10757,663,en.wikipedia,2025-11-24
Benedict_Cumberbatch,10747,664,en.wikipedia,2025-11-24
2026_FIFA_World_Cup_qualification_(UEFA),10736,665,en.wikipedia,2025-11-24
Dakota_Johnson,10733,666,en.wikipedia,2025-11-24
Soviet_Union,10733,666,en.wikipedia,2025-11-24
Stranger_Things_season_3,10719,668,en.wikipedia,2025-11-24
List_of_ethnic_slurs,10718,669,en.wikipedia,2025-11-24
Emma_Watson,10714,670,en.wikipedia,2025-11-24
"Diana,_Princess_of_Wales",10710,671,en.wikipedia,2025-11-24
Mayor_of_Kingstown,10706,672,en.wikipedia,2025-11-24
Special:Watchlist,10690,673,en.wikipedia,2025-11-24
Catherine_de'_Medici,10687,674,en.wikipedia,2025-11-24
Prisoner_951,10680,675,en.wikipedia,2025-11-24
Charlie_McDowell,10654,676,en.wikipedia,2025-11-24
Mark_Wahlberg,10653,677,en.wikipedia,2025-11-24
List_of_exoplanet_firsts,10652,678,en.wikipedia,2025-11-24
Edward_VIII,10642,679,en.wikipedia,2025-11-24
Superman_(2025_film),10639,680,en.wikipedia,2025-11-24
Ed_Bye,10611,681,en.wikipedia,2025-11-24
List_of_Hindi_film_clans,10574,682,en.wikipedia,2025-11-24
Sean_Penn,10572,683,en.wikipedia,2025-11-24
Usha_Vance,10570,684,en.wikipedia,2025-11-24
Jakarta,10554,685,en.wikipedia,2025-11-24
Elizabeth_I,10538,686,en.wikipedia,2025-11-24
Arun_Khetarpal,10531,687,en.wikipedia,2025-11-24
Rosemary_Kennedy,10529,688,en.wikipedia,2025-11-24
Heath_Ledger,10523,689,en.wikipedia,2025-11-24
Amjad_Khan_(actor),10511,690,en.wikipedia,2025-11-24
Harry_Potter_(film_series),10508,691,en.wikipedia,2025-11-24
Spain,10489,692,en.wikipedia,2025-11-24
Sinners_(2025_film),10484,693,en.wikipedia,2025-11-24
FIFA_U-17_World_Cup,10480,694,en.wikipedia,2025-11-24
Cheryl_Hines,10479,695,en.wikipedia,2025-11-24
Anniversary_(2025_film),10455,696,en.wikipedia,2025-11-24
Zendaya,10441,697,en.wikipedia,2025-11-24
Josh_Allen,10430,698,en.wikipedia,2025-11-24
Idina_Menzel,10426,699,en.wikipedia,2025-11-24
Promising_Young_Woman,10404,700,en.wikipedia,2025-11-24
Lawrence_Summers,10401,701,en.wikipedia,2025-11-24
Indonesia,10396,702,en.wikipedia,2025-11-24
Jesus,10391,703,en.wikipedia,2025-11-24
The_Last_Frontier_(2025_TV_series),10389,704,en.wikipedia,2025-11-24
Arabic_numerals,10383,705,en.wikipedia,2025-11-24
Scott_Bessent,10363,706,en.wikipedia,2025-11-24
A,10362,707,en.wikipedia,2025-11-24
O._J._Simpson,10361,708,en.wikipedia,2025-11-24
Queen_Bee_(1955_film),10347,709,en.wikipedia,2025-11-24
Hugh_Jackman,10340,710,en.wikipedia,2025-11-24
David_Benavidez,10328,711,en.wikipedia,2025-11-24
Formula_One,10306,712,en.wikipedia,2025-11-24
Lisa_Marie_Presley,10306,712,en.wikipedia,2025-11-24
Billy_the_Kid,10274,714,en.wikipedia,2025-11-24
Kidnapping_of_Barbara_Mackle,10262,715,en.wikipedia,2025-11-24
Nvidia,10254,716,en.wikipedia,2025-11-24
Winston_Churchill,10251,717,en.wikipedia,2025-11-24
Pakistan,10250,718,en.wikipedia,2025-11-24
Bob_Dylan,10237,719,en.wikipedia,2025-11-24
Nuremberg_trials,10234,720,en.wikipedia,2025-11-24
List_of_highest-grossing_Indian_films,10231,721,en.wikipedia,2025-11-24
Miles_Teller,10228,722,en.wikipedia,2025-11-24
President_of_the_United_States,10223,723,en.wikipedia,2025-11-24
Alicia_Silverstone,10221,724,en.wikipedia,2025-11-24
Casualties_of_the_Russo-Ukrainian_war,10219,725,en.wikipedia,2025-11-24
Shreya_Dhanwanthary,10218,726,en.wikipedia,2025-11-24
Sarah_Snook,10214,727,en.wikipedia,2025-11-24
Julia_Roberts,10204,728,en.wikipedia,2025-11-24
Flesh_for_Frankenstein,10187,729,en.wikipedia,2025-11-24
John_Lennon,10186,730,en.wikipedia,2025-11-24
Jack_Grealish,10180,731,en.wikipedia,2025-11-24
Avatar:_The_Way_of_Water,10174,732,en.wikipedia,2025-11-24
Felicity_Jones,10157,733,en.wikipedia,2025-11-24
HTTP_cookie,10143,734,en.wikipedia,2025-11-24
Pete_Hegseth,10139,735,en.wikipedia,2025-11-24
Yolanda_Saldívar,10131,736,en.wikipedia,2025-11-24
Dynamite_Kiss,10127,737,en.wikipedia,2025-11-24
American_Civil_War,10127,737,en.wikipedia,2025-11-24
Now_You_See_Me_2,10118,739,en.wikipedia,2025-11-24
Marlo_Thomas,10117,740,en.wikipedia,2025-11-24
United_Arab_Emirates,10109,741,en.wikipedia,2025-11-24
Lyndon_B._Johnson,10103,742,en.wikipedia,2025-11-24
Demon_Slayer:_Kimetsu_no_Yaiba_–_The_Movie:_Infinity_Castle,10084,743,en.wikipedia,2025-11-24
Game_of_Thrones,10040,744,en.wikipedia,2025-11-24
Liam_Hemsworth,10037,745,en.wikipedia,2025-11-24
Tate_McRae,10027,746,en.wikipedia,2025-11-24
Margaret_Qualley,10024,747,en.wikipedia,2025-11-24
Jimmy_Carter,10006,748,en.wikipedia,2025-11-24
Prithviraj_Kapoor,10006,748,en.wikipedia,2025-11-24
Marty_Supreme,10005,750,en.wikipedia,2025-11-24
List_of_Oz_books,9994,751,en.wikipedia,2025-11-24
Park_Jeong-min_(actor),9989,752,en.wikipedia,2025-11-24
Glossary_of_equestrian_terms,9985,753,en.wikipedia,2025-11-24
David_Bowie,9984,754,en.wikipedia,2025-11-24
John_Travolta,9984,754,en.wikipedia,2025-11-24
National_Football_League,9967,756,en.wikipedia,2025-11-24
South_Africa,9962,757,en.wikipedia,2025-11-24
Shashi_Kapoor,9942,758,en.wikipedia,2025-11-24
Ginnifer_Goodwin,9934,759,en.wikipedia,2025-11-24
Philippines,9931,760,en.wikipedia,2025-11-24
Wikipedia:Signs_of_AI_writing,9923,761,en.wikipedia,2025-11-24
Marilyn_Monroe,9922,762,en.wikipedia,2025-11-24
Lando_Norris,9918,763,en.wikipedia,2025-11-24
Nigeria,9916,764,en.wikipedia,2025-11-24
Roy_Cohn,9915,765,en.wikipedia,2025-11-24
Charlie_Murphy_(actor),9908,766,en.wikipedia,2025-11-24
Mary-Louise_Parker,9906,767,en.wikipedia,2025-11-24
Trial_of_Sheikh_Hasina,9894,768,en.wikipedia,2025-11-24
Joey_Lawrence,9893,769,en.wikipedia,2025-11-24
Yellowstone_(TV_series),9891,770,en.wikipedia,2025-11-24
William_F._Buckley_Jr.,9890,771,en.wikipedia,2025-11-24
Jake_Lacy,9888,772,en.wikipedia,2025-11-24
The_World's_Billionaires,9875,773,en.wikipedia,2025-11-24
Gmail,9874,774,en.wikipedia,2025-11-24
Isaac_Newton,9872,775,en.wikipedia,2025-11-24
Many_Rivers_to_Cross,9863,776,en.wikipedia,2025-11-24
BBC_World_Service,9857,777,en.wikipedia,2025-11-24
List_of_countries_and_dependencies_by_area,9855,778,en.wikipedia,2025-11-24
Martin_Scorsese,9853,779,en.wikipedia,2025-11-24
Israel,9837,780,en.wikipedia,2025-11-24
Breaking_Bad,9835,781,en.wikipedia,2025-11-24
Joan_Crawford,9830,782,en.wikipedia,2025-11-24
Miley_Cyrus,9827,783,en.wikipedia,2025-11-24
Clement_Freud,9825,784,en.wikipedia,2025-11-24
Narendra_Modi,9817,785,en.wikipedia,2025-11-24
Zack_Polanski,9787,786,en.wikipedia,2025-11-24
Brandon_Aubrey,9781,787,en.wikipedia,2025-11-24
English_language,9780,788,en.wikipedia,2025-11-24
Thalidomide,9780,788,en.wikipedia,2025-11-24
Project_Hail_Mary_(film),9779,790,en.wikipedia,2025-11-24
Stranger_Things_season_1,9779,790,en.wikipedia,2025-11-24
Paul_McCartney,9765,792,en.wikipedia,2025-11-24
Manoj_Bajpayee,9765,792,en.wikipedia,2025-11-24
Mohammed_bin_Salman,9764,794,en.wikipedia,2025-11-24
Yeti_(Doctor_Who),9763,795,en.wikipedia,2025-11-24
Jackie_Chan,9758,796,en.wikipedia,2025-11-24
Nicole_Kidman,9755,797,en.wikipedia,2025-11-24
Jonathan_Banks,9749,798,en.wikipedia,2025-11-24
Pedro_Pascal,9733,799,en.wikipedia,2025-11-24
Venezuela,9731,800,en.wikipedia,2025-11-24
Marci_Klein,9726,801,en.wikipedia,2025-11-24
Muslim_Brotherhood,9726,801,en.wikipedia,2025-11-24
Priscilla_Presley,9725,803,en.wikipedia,2025-11-24
Tom_Hanks,9721,804,en.wikipedia,2025-11-24
Kristin_Chenoweth,9716,805,en.wikipedia,2025-11-24
Richard_Burton,9705,806,en.wikipedia,2025-11-24
Jalen_Hurts,9699,807,en.wikipedia,2025-11-24
ARC_Raiders,9695,808,en.wikipedia,2025-11-24
Short_n'_Sweet_Tour,9680,809,en.wikipedia,2025-11-24
Dwayne_Johnson,9678,810,en.wikipedia,2025-11-24
Alijah_Clark,9667,811,en.wikipedia,2025-11-24
Priyamani,9664,812,en.wikipedia,2025-11-24
Talamasca:_The_Secret_Order,9663,813,en.wikipedia,2025-11-24
Catherine_the_Great,9656,814,en.wikipedia,2025-11-24
Lupita_Nyong'o,9651,815,en.wikipedia,2025-11-24
North_Sentinel_Island,9643,816,en.wikipedia,2025-11-24
Bigg_Boss_(Telugu_TV_series)_season_9,9636,817,en.wikipedia,2025-11-24
Nymphomaniac_(film),9632,818,en.wikipedia,2025-11-24
Canva,9628,819,en.wikipedia,2025-11-24
Katseye,9627,820,en.wikipedia,2025-11-24
Andrew_Mountbatten-Windsor,9626,821,en.wikipedia,2025-11-24
2025_Bihar_Legislative_Assembly_election,9617,822,en.wikipedia,2025-11-24
Dark_web,9609,823,en.wikipedia,2025-11-24
Matt_Damon,9608,824,en.wikipedia,2025-11-24
R._Budd_Dwyer,9598,825,en.wikipedia,2025-11-24
Anne_Hathaway,9581,826,en.wikipedia,2025-11-24
Sentimental_Value,9579,827,en.wikipedia,2025-11-24
Jim_Carrey,9578,828,en.wikipedia,2025-11-24
Stranger_Things_season_2,9568,829,en.wikipedia,2025-11-24
My_Own_Private_Idaho,9567,830,en.wikipedia,2025-11-24
Earth,9566,831,en.wikipedia,2025-11-24
Palantir_Technologies,9546,832,en.wikipedia,2025-11-24
William_the_Conqueror,9545,833,en.wikipedia,2025-11-24
Ottoman_Empire,9541,834,en.wikipedia,2025-11-24
Watson_(TV_series),9515,835,en.wikipedia,2025-11-24
Lindsay_Lohan,9511,836,en.wikipedia,2025-11-24
Joseph_Quinn,9508,837,en.wikipedia,2025-11-24
Malcolm_McDowell,9507,838,en.wikipedia,2025-11-24
Joe_Jonas,9503,839,en.wikipedia,2025-11-24
Shah_Rukh_Khan,9502,840,en.wikipedia,2025-11-24
France,9492,841,en.wikipedia,2025-11-24
Salim_Khan,9486,842,en.wikipedia,2025-11-24
Rehman_Dakait,9479,843,en.wikipedia,2025-11-24
Raj_&_DK,9476,844,en.wikipedia,2025-11-24
Jordan_Pickford,9469,845,en.wikipedia,2025-11-24
Kris_Jenner,9466,846,en.wikipedia,2025-11-24
The_Family_Plan,9461,847,en.wikipedia,2025-11-24
All's_Fair_(2025_TV_series),9454,848,en.wikipedia,2025-11-24
2024_NFL_draft,9444,849,en.wikipedia,2025-11-24
Wikipedia:Citation_needed,9442,850,en.wikipedia,2025-11-24
Wicked_Witch_of_the_East,9440,851,en.wikipedia,2025-11-24
Strictly_Come_Dancing_series_23,9434,852,en.wikipedia,2025-11-24
Super_Bowl_LVI,9419,853,en.wikipedia,2025-11-24
Joseph_Fiennes,9416,854,en.wikipedia,2025-11-24
Shaitan_Singh,9405,855,en.wikipedia,2025-11-24
Edward_VII,9397,856,en.wikipedia,2025-11-24
The_Stone_Roses,9397,856,en.wikipedia,2025-11-24
Jon_Gosselin,9393,858,en.wikipedia,2025-11-24
Train_Dreams,9386,859,en.wikipedia,2025-11-24
Odessa_A'zion,9374,860,en.wikipedia,2025-11-24
Woody_Harrelson,9369,861,en.wikipedia,2025-11-24
The_Family_Stone,9365,862,en.wikipedia,2025-11-24
Dancing_with_the_Stars_(American_TV_series),9362,863,en.wikipedia,2025-11-24
Mahmood_Mamdani,9348,864,en.wikipedia,2025-11-24
Gerald_Ford,9348,864,en.wikipedia,2025-11-24
XXXX,9341,866,en.wikipedia,2025-11-24
Mae_Martin,9338,867,en.wikipedia,2025-11-24
Brigitte_Macron,9334,868,en.wikipedia,2025-11-24
The_Hunger_Games,9311,869,en.wikipedia,2025-11-24
Bernie_Kosar,9309,870,en.wikipedia,2025-11-24
Sam_Altman,9305,871,en.wikipedia,2025-11-24
Cartel_of_the_Suns,9296,872,en.wikipedia,2025-11-24
Shaquille_O'Neal,9291,873,en.wikipedia,2025-11-24
Scott_Kelly_(astronaut),9275,874,en.wikipedia,2025-11-24
Rodney_Harvey,9272,875,en.wikipedia,2025-11-24
Emma_Freud,9265,876,en.wikipedia,2025-11-24
Bombshell_(2019_film),9257,877,en.wikipedia,2025-11-24
Kennedy_family,9254,878,en.wikipedia,2025-11-24
James_Cameron,9253,879,en.wikipedia,2025-11-24
Miss_Universe,9248,880,en.wikipedia,2025-11-24
Robert_De_Niro,9238,881,en.wikipedia,2025-11-24
Ashlesha_Thakur,9237,882,en.wikipedia,2025-11-24
Osama_bin_Laden,9233,883,en.wikipedia,2025-11-24
Ella_Langley,9228,884,en.wikipedia,2025-11-24
Lara_Trump,9226,885,en.wikipedia,2025-11-24
Great_Appalachian_Storm_of_1950,9225,886,en.wikipedia,2025-11-24
Spider-Man:_Brand_New_Day,9211,887,en.wikipedia,2025-11-24
John_Wilkes_Booth,9200,888,en.wikipedia,2025-11-24
Smurl_haunting,9200,888,en.wikipedia,2025-11-24
Sebastian_Maniscalco,9199,890,en.wikipedia,2025-11-24
Christopher_Nolan,9196,891,en.wikipedia,2025-11-24
Maya_Rudolph,9195,892,en.wikipedia,2025-11-24
Lili_Reinhart,9184,893,en.wikipedia,2025-11-24
Margin_Call,9175,894,en.wikipedia,2025-11-24
Song_Sung_Blue_(film),9174,895,en.wikipedia,2025-11-24
Lee_Harvey_Oswald,9167,896,en.wikipedia,2025-11-24
Daniel_Radcliffe,9164,897,en.wikipedia,2025-11-24
Pam_Bondi,9156,898,en.wikipedia,2025-11-24
Nick_Jonas,9153,899,en.wikipedia,2025-11-24
Noam_Chomsky,9149,900,en.wikipedia,2025-11-24
Grover_Cleveland,9149,900,en.wikipedia,2025-11-24
Return_to_Oz,9144,902,en.wikipedia,2025-11-24
Greg_Olson_(American_football),9134,903,en.wikipedia,2025-11-24
Teri_Baaton_Mein_Aisa_Uljha_Jiya,9133,904,en.wikipedia,2025-11-24
Anthony_Bourdain,9121,905,en.wikipedia,2025-11-24
Sinking_of_the_Titanic,9115,906,en.wikipedia,2025-11-24
Aileen_Wuornos,9108,907,en.wikipedia,2025-11-24
Salman_Khan,9108,907,en.wikipedia,2025-11-24
Fiyero_Tigelaar,9105,909,en.wikipedia,2025-11-24
Taylour_Paige,9078,910,en.wikipedia,2025-11-24
Liam_Neeson,9076,911,en.wikipedia,2025-11-24
Patrick_Mahomes,9073,912,en.wikipedia,2025-11-24
George_Michael,9063,913,en.wikipedia,2025-11-24
Dwight_D._Eisenhower,9055,914,en.wikipedia,2025-11-24
Johnny_Depp,9052,915,en.wikipedia,2025-11-24
Sathya_Sai_Baba,9047,916,en.wikipedia,2025-11-24
Alexander_the_Great,9043,917,en.wikipedia,2025-11-24
The_Ashes,9038,918,en.wikipedia,2025-11-24
Matthew_Lawrence,9034,919,en.wikipedia,2025-11-24
Jeetendra,9032,920,en.wikipedia,2025-11-24
Krampus,9028,921,en.wikipedia,2025-11-24
2025–2027_World_Test_Championship,9021,922,en.wikipedia,2025-11-24
Mckenna_Grace,9018,923,en.wikipedia,2025-11-24
Bangladesh,9018,923,en.wikipedia,2025-11-24
Nicholas_Winton,9016,925,en.wikipedia,2025-11-24
Stake_(online_casino),9014,926,en.wikipedia,2025-11-24
Sudanese_civil_war_(2023–present),9009,927,en.wikipedia,2025-11-24
Michelle_Monaghan,8997,928,en.wikipedia,2025-11-24
The_Hunger_Games:_The_Ballad_of_Songbirds_&_Snakes,8992,929,en.wikipedia,2025-11-24
Steph_Carse,8975,930,en.wikipedia,2025-11-24
Stephen_Hawking,8973,931,en.wikipedia,2025-11-24
Kanye_West,8971,932,en.wikipedia,2025-11-24
Die_My_Love,8969,933,en.wikipedia,2025-11-24
Patricia_Heaton,8968,934,en.wikipedia,2025-11-24
Rajiv_Kapoor,8967,935,en.wikipedia,2025-11-24
"Mary,_Queen_of_Scots",8963,936,en.wikipedia,2025-11-24
Laalo_–_Krishna_Sada_Sahaayate,8956,937,en.wikipedia,2025-11-24
Gary_Oldman,8943,938,en.wikipedia,2025-11-24
Monster:_The_Ed_Gein_Story,8942,939,en.wikipedia,2025-11-24
Sharib_Hashmi,8935,940,en.wikipedia,2025-11-24
Rowan_Atkinson,8928,941,en.wikipedia,2025-11-24
John_Cena,8927,942,en.wikipedia,2025-11-24
Emmanuel_Forbes,8914,943,en.wikipedia,2025-11-24
Pablo_Escobar,8909,944,en.wikipedia,2025-11-24
Saudi_Arabia,8908,945,en.wikipedia,2025-11-24
Michael_J._Fox,8901,946,en.wikipedia,2025-11-24
Merkel-cell_carcinoma,8895,947,en.wikipedia,2025-11-24
Cat,8894,948,en.wikipedia,2025-11-24
Steve_Irwin,8892,949,en.wikipedia,2025-11-24
Dallas_Cowboys,8890,950,en.wikipedia,2025-11-24
Al_Pacino,8890,950,en.wikipedia,2025-11-24
Mahatma_Gandhi,8890,950,en.wikipedia,2025-11-24
Jennifer_Aniston,8879,953,en.wikipedia,2025-11-24
Suicide_methods,8869,954,en.wikipedia,2025-11-24
Autumn_Leaves_(film),8865,955,en.wikipedia,2025-11-24
The_Wicked_Years,8860,956,en.wikipedia,2025-11-24
Call_of_Duty:_Black_Ops_7,8854,957,en.wikipedia,2025-11-24
MKUltra,8851,958,en.wikipedia,2025-11-24
Sara_Arjun,8841,959,en.wikipedia,2025-11-24
Interstellar_(film),8833,960,en.wikipedia,2025-11-24
Alexander_Hamilton,8830,961,en.wikipedia,2025-11-24
Pauline_Hanson's_One_Nation,8800,962,en.wikipedia,2025-11-24
Saddam_Hussein,8789,963,en.wikipedia,2025-11-24
Call_of_Duty,8782,964,en.wikipedia,2025-11-24
Rachel_Sennott,8772,965,en.wikipedia,2025-11-24
Gregory_Maguire,8766,966,en.wikipedia,2025-11-24
Cassandra_Naud,8764,967,en.wikipedia,2025-11-24
Rosamund_Pike,8763,968,en.wikipedia,2025-11-24
2026_United_States_House_of_Representatives_elections,8759,969,en.wikipedia,2025-11-24
Colman_Domingo,8753,970,en.wikipedia,2025-11-24
B._R._Gavai,8752,971,en.wikipedia,2025-11-24
2025_NFL_draft,8740,972,en.wikipedia,2025-11-24
Jeff_Bezos,8736,973,en.wikipedia,2025-11-24
Budi_Bowoleksono,8736,973,en.wikipedia,2025-11-24
Beyoncé,8730,975,en.wikipedia,2025-11-24
Kurt_Russell,8728,976,en.wikipedia,2025-11-24
Shea_Lacey,8727,977,en.wikipedia,2025-11-24
Jensen_Huang,8719,978,en.wikipedia,2025-11-24
UFC_323,8710,979,en.wikipedia,2025-11-24
Philip_Seymour_Hoffman,8699,980,en.wikipedia,2025-11-24
Jake_Gyllenhaal,8687,981,en.wikipedia,2025-11-24
Isla_Fisher,8683,982,en.wikipedia,2025-11-24
Teyana_Taylor,8681,983,en.wikipedia,2025-11-24
Vilayath_Buddha,8677,984,en.wikipedia,2025-11-24
Hunter_Schafer,8662,985,en.wikipedia,2025-11-24
Natalie_Portman,8652,986,en.wikipedia,2025-11-24
28_Years_Later,8650,987,en.wikipedia,2025-11-24
Anya_Taylor-Joy,8649,988,en.wikipedia,2025-11-24
Jack_Nicholson,8642,989,en.wikipedia,2025-11-24
Thirty_Years'_War,8632,990,en.wikipedia,2025-11-24
Emma_Thompson,8631,991,en.wikipedia,2025-11-24
2025_Las_Vegas_Grand_Prix,8620,992,en.wikipedia,2025-11-24
2025_Tennessee's_7th_congressional_district_special_election,8620,992,en.wikipedia,2025-11-24
Groypers,8616,994,en.wikipedia,2025-11-24
Audrey_Hepburn,8608,995,en.wikipedia,2025-11-24
Quentin_Tarantino,8600,996,en.wikipedia,2025-11-24
Volodymyr_Zelenskyy,8593,997,en.wikipedia,2025-11-24
Leandro_Trossard,8586,998,en.wikipedia,2025-11-24
Randy_Burke,8582,999,en.wikipedia,2025-11-24
Pete_Carroll,8580,1000,en.wikipedia,2025-11-24
